name	dob	email	google+
Fleming, Alec	08/27/1985	natoque.penatibus@ligulaNullamenim.ca	+Alec Fleming
Hardin, Alfonso	01/13/1986	posuere.cubilia.Curae;@porttitor.org	+Alfonso Hardin
Strong, Ali	01/05/1986	vitae.nibh@urna.ca	+Ali Strong
Sherman, Amal	01/22/1986	vel.convallis.in@lacinia.edu	+Amal Sherman
Spears, Amir	11/07/1985	Quisque.ornare.tortor@hendreritDonec.ca	+Amir Spears
Vaughan, Amos	03/29/1987	neque.venenatis@et.edu	+Amos Vaughan
Mccarty, Anthony	07/27/1987	elit.pede.malesuada@cursusdiam.org	+Anthony Mccarty
Preston, Arsenio	09/20/1986	natoque.penatibus.et@diamProindolor.edu	+Arsenio Preston
Buchanan, Arthur	04/22/1987	ornare@Maurismagna.ca	+Arthur Buchanan
Fields, Basil	03/15/1986	Aliquam.nisl@loremeu.com	+Basil Fields
Meadows, Benedict	12/09/1986	dolor.sit@tellus.com	+Benedict Meadows
Jacobs, Benjamin	02/21/1986	id.enim.Curabitur@Nulla.org	+Benjamin Jacobs
Lang, Benjamin	12/25/1986	sit@consectetuercursuset.com	+Benjamin Lang
Pittman, Benjamin	08/29/1985	ipsum.leo@nisiAenean.edu	+Benjamin Pittman
Gallagher, Berk	10/22/1985	at.iaculis.quis@diamatpretium.com	+Berk Gallagher
Richards, Berk	05/27/1986	at.pretium.aliquet@nonenimcommodo.ca	+Berk Richards
Giles, Bert	12/21/1985	ornare.placerat.orci@Namconsequat.com	+Bert Giles
Mcdonald, Boris	04/28/1986	Mauris@amalesuadaid.com	+Boris Mcdonald
Wright, Bradley	05/23/1987	Donec@metus.com	+Bradley Wright
Middleton, Brady	03/14/1986	facilisis@sodales.edu	+Brady Middleton
Key, Branden	04/05/1986	aliquam@Pellentesquetincidunt.com	+Branden Key
Mueller, Branden	06/04/1986	tincidunt@auctornuncnulla.edu	+Branden Mueller
Bruce, Brandon	08/18/1987	porta.elit.a@enimcommodohendrerit.ca	+Brandon Bruce
Hubbard, Brandon	05/15/1986	nunc@CraspellentesqueSed.com	+Brandon Hubbard
Marks, Brandon	09/28/1986	ante.Nunc.mauris@Donecnibh.org	+Brandon Marks
Sanford, Brendan	08/21/1986	gravida.Praesent.eu@intempuseu.com	+Brendan Sanford
Gross, Brennan	11/25/1986	eget.nisi.dictum@faucibusid.ca	+Brennan Gross
Kelley, Brock	11/05/1986	justo.sit.amet@aliquam.org	+Brock Kelley
Nguyen, Brody	04/07/1987	in@elitpretium.ca	+Brody Nguyen
Dawson, Bruce	04/09/1987	arcu@elitelit.com	+Bruce Dawson
Mcclain, Bruce	08/24/1985	tristique.neque@dictumPhasellus.org	+Bruce Mcclain
Gilliam, Bruno	07/22/1987	risus@velturpis.edu	+Bruno Gilliam
Hartman, Cadman	05/07/1987	Aliquam.ultrices.iaculis@torquent.edu	+Cadman Hartman
Conley, Caesar	12/09/1985	Nunc.quis.arcu@ipsumnunc.edu	+Caesar Conley
Stevenson, Caleb	02/19/1986	Aliquam@feugiat.com	+Caleb Stevenson
Mercer, Calvin	04/26/1987	cubilia@mollis.edu	+Calvin Mercer
Frazier, Camden	02/16/1987	nibh.Aliquam.ornare@etnetuset.ca	+Camden Frazier
Doyle, Charles	02/25/1986	Etiam@tellus.org	+Charles Doyle
Drake, Christopher	02/23/1987	erat.Sed.nunc@temporloremeget.edu	+Christopher Drake
Pace, Colby	06/07/1987	sodales.at@sedsapien.org	+Colby Pace
Ayala, Colorado	07/05/1986	montes@arcu.org	+Colorado Ayala
Soto, Colt	07/18/1987	velit@tellus.org	+Colt Soto
Mccarthy, Cruz	07/22/1986	lectus.convallis.est@Quisque.ca	+Cruz Mccarthy
Barlow, Cullen	07/07/1987	lorem.auctor.quis@egestasa.edu	+Cullen Barlow
Fletcher, Dalton	06/08/1987	imperdiet.erat.nonummy@in.com	+Dalton Fletcher
Donovan, Damian	05/23/1986	euismod@dictummiac.ca	+Damian Donovan
Cole, Dante	12/31/1985	ipsum.nunc@eratvolutpat.edu	+Dante Cole
Bond, Darius	09/10/1986	adipiscing.elit@erat.edu	+Darius Bond
Gill, David	09/20/1985	sit.amet@dictumplacerataugue.edu	+David Gill
Lamb, Davis	03/04/1987	pede@ipsum.ca	+Davis Lamb
Pate, Deacon	12/07/1986	dapibus@nisl.ca	+Deacon Pate
Fowler, Demetrius	01/22/1986	luctus.sit.amet@Proindolor.org	+Demetrius Fowler
Case, Denton	03/06/1986	vitae.diam@ligula.ca	+Denton Case
Contreras, Dexter	10/02/1986	facilisis.Suspendisse@Praesentinterdum.org	+Dexter Contreras
Mcbride, Dolan	05/02/1986	facilisis.non@ligulaAeneangravida.ca	+Dolan Mcbride
Park, Dolan	12/12/1985	Cras@Donecfeugiatmetus.org	+Dolan Park
Norman, Duncan	12/08/1986	vestibulum.neque.sed@pedesagittisaugue.com	+Duncan Norman
Ramirez, Elton	11/06/1986	nec@a.edu	+Elton Ramirez
Shannon, Eric	09/02/1986	vitae.purus@mollisduiin.ca	+Eric Shannon
Shaw, Ezra	05/24/1986	ut@loremtristique.ca	+Ezra Shaw
Greer, Ferdinand	10/30/1986	non@molestie.org	+Ferdinand Greer
Carroll, Fitzgerald	05/30/1987	scelerisque.lorem.ipsum@auctorvitaealiquet.org	+Fitzgerald Carroll
Horn, Forrest	09/12/1985	risus.varius.orci@nuncullamcorper.com	+Forrest Horn
Parker, Francis	09/22/1986	Sed.molestie@felisadipiscing.com	+Francis Parker
Chen, Fuller	08/19/1987	tincidunt.nibh.Phasellus@ornarelectus.com	+Fuller Chen
Cohen, Gabriel	02/25/1986	Cum.sociis@nonummyac.ca	+Gabriel Cohen
Vaughn, Gabriel	10/19/1985	nascetur@placerategetvenenatis.edu	+Gabriel Vaughn
Dunlap, Galvin	08/03/1986	mi@nunc.com	+Galvin Dunlap
Rosario, Gannon	11/16/1985	fermentum@Integer.com	+Gannon Rosario
Sawyer, Gareth	05/27/1986	consequat@vulputate.ca	+Gareth Sawyer
Edwards, Gary	06/15/1986	quis.pede.Praesent@ullamcorpereu.com	+Gary Edwards
Morales, Gary	12/20/1986	elit.a@eget.ca	+Gary Morales
Bowers, Giacomo	09/09/1985	Vestibulum@elementum.com	+Giacomo Bowers
Chandler, Grant	06/07/1987	turpis.Aliquam.adipiscing@ultricies.edu	+Grant Chandler
Frederick, Gregory	06/16/1986	ante@egetnisi.edu	+Gregory Frederick
Nunez, Hakeem	10/20/1986	lacus@diameu.edu	+Hakeem Nunez
Schultz, Hall	11/24/1986	vestibulum.Mauris@eleifend.org	+Hall Schultz
Espinoza, Hamilton	08/29/1986	odio@turpisvitaepurus.org	+Hamilton Espinoza
Hartman, Hamilton	04/11/1987	ridiculus.mus.Proin@quis.org	+Hamilton Hartman
Cooley, Hammett	03/22/1987	lorem.luctus.ut@feugiatLoremipsum.ca	+Hammett Cooley
Melton, Harrison	03/12/1987	justo.faucibus.lectus@arcuSedeu.com	+Harrison Melton
Jefferson, Hashim	01/04/1986	Proin.mi.Aliquam@necmetus.com	+Hashim Jefferson
Myers, Henry	10/11/1986	torquent.per.conubia@diam.org	+Henry Myers
Bates, Herman	10/14/1986	tellus@dapibus.org	+Herman Bates
Alston, Hoyt	08/01/1987	tincidunt@at.edu	+Hoyt Alston
Harper, Hu	04/24/1987	augue.eu@sitamet.org	+Hu Harper
Petersen, Hu	05/27/1986	Nunc.pulvinar@velitin.ca	+Hu Petersen
Rodriquez, Hu	01/02/1987	ut@risusQuisque.edu	+Hu Rodriquez
Key, Hunter	06/08/1987	purus@Vestibulumante.com	+Hunter Key
Torres, Ian	02/24/1986	Aliquam.adipiscing.lobortis@gravida.ca	+Ian Torres
Mcdowell, Ira	07/18/1986	in@DonecestNunc.org	+Ira Mcdowell
Simon, Ivan	01/10/1986	eu.eleifend@vestibulum.edu	+Ivan Simon
Bennett, Jasper	07/09/1987	laoreet.lectus.quis@musProinvel.org	+Jasper Bennett
Weaver, Jasper	03/30/1986	non.lobortis.quis@elitpretium.com	+Jasper Weaver
Bruce, Jelani	01/07/1987	faucibus.Morbi@elitEtiamlaoreet.org	+Jelani Bruce
Kerr, Jerry	07/19/1986	velit.Aliquam@Vivamusrhoncus.ca	+Jerry Kerr
Clark, Joel	02/19/1986	Integer@Cumsociisnatoque.com	+Joel Clark
Williamson, Joel	02/07/1987	tempor.bibendum.Donec@enimcondimentumeget.edu	+Joel Williamson
Mcfarland, Jordan	07/11/1987	a.magna.Lorem@justoProin.edu	+Jordan Mcfarland
Roth, Joseph	09/10/1985	ipsum.Donec.sollicitudin@necdiamDuis.org	+Joseph Roth
Best, Josiah	06/14/1986	tempor.bibendum.Donec@purusmaurisa.com	+Josiah Best
Dalton, Josiah	05/20/1987	euismod.ac@nislQuisque.edu	+Josiah Dalton
Dawson, Judah	06/24/1987	ornare.placerat@nequenonquam.edu	+Judah Dawson
Stokes, Kadeem	05/05/1986	erat.in@mollisInteger.com	+Kadeem Stokes
Puckett, Kamal	09/23/1985	eu.augue@necmaurisblandit.ca	+Kamal Puckett
Boone, Kaseem	08/06/1987	varius@magnis.ca	+Kaseem Boone
Mitchell, Kasper	09/08/1985	Aliquam.rutrum.lorem@mollis.com	+Kasper Mitchell
Nolan, Kasper	09/09/1986	molestie.Sed@Duisac.com	+Kasper Nolan
Villarreal, Keefe	02/05/1986	gravida.mauris.ut@vulputate.ca	+Keefe Villarreal
Sawyer, Keith	01/03/1986	commodo@vel.com	+Keith Sawyer
Gillespie, Kermit	10/06/1986	semper@adipiscingenimmi.com	+Kermit Gillespie
Rowland, Kevin	02/23/1986	ultricies@Aliquamerat.ca	+Kevin Rowland
Livingston, Kieran	05/07/1987	et.rutrum.non@nequesedsem.ca	+Kieran Livingston
Duncan, Kuame	01/14/1987	Nam.ac@ipsumcursusvestibulum.com	+Kuame Duncan
Bowman, Laith	02/12/1987	ligula.Nullam@lectussitamet.com	+Laith Bowman
Mckinney, Laith	11/15/1986	Vivamus.non@Cras.ca	+Laith Mckinney
Alston, Lars	06/26/1987	et.ipsum.cursus@Nunc.ca	+Lars Alston
Moses, Lewis	08/03/1987	Phasellus@fringilla.com	+Lewis Moses
Gilmore, Lucas	11/10/1986	hendrerit.id.ante@tellussemmollis.com	+Lucas Gilmore
Delaney, Lucius	05/27/1987	Proin.eget@blandit.ca	+Lucius Delaney
Aguirre, Malcolm	09/21/1986	Donec@nibhenimgravida.org	+Malcolm Aguirre
Small, Malcolm	07/05/1987	Quisque.purus.sapien@Duis.com	+Malcolm Small
Lindsay, Mark	06/16/1987	interdum@tincidunt.ca	+Mark Lindsay
Mcgee, Merritt	08/13/1986	luctus@velitPellentesque.com	+Merritt Mcgee
Grant, Moses	09/25/1986	id.erat@eget.ca	+Moses Grant
Munoz, Murphy	12/16/1986	Fusce.feugiat@lobortisauguescelerisque.ca	+Murphy Munoz
Melton, Nehru	10/20/1986	dolor.sit.amet@aptent.com	+Nehru Melton
Fuller, Neil	10/07/1986	dolor.egestas.rhoncus@feugiatnon.edu	+Neil Fuller
Austin, Nicholas	11/09/1986	Lorem.ipsum@viverraDonec.com	+Nicholas Austin
Carroll, Nicholas	07/09/1987	nisi.nibh.lacinia@vellectusCum.org	+Nicholas Carroll
Browning, Noble	02/03/1986	Duis.cursus.diam@molestietellus.edu	+Noble Browning
Yang, Noble	07/18/1986	Cras@magnis.org	+Noble Yang
Carson, Oleg	11/25/1986	ut@aptent.edu	+Oleg Carson
Franks, Oliver	01/13/1986	massa.non@inmolestie.com	+Oliver Franks
Bartlett, Omar	10/01/1985	suscipit.nonummy@Vivamusnon.ca	+Omar Bartlett
Riley, Orlando	09/08/1986	aliquam@ligulaAeneangravida.com	+Orlando Riley
Patton, Paul	07/22/1986	ornare@Integersem.org	+Paul Patton
Jordan, Perry	02/14/1987	sem@mattisIntegereu.edu	+Perry Jordan
Wilkins, Perry	07/02/1987	Duis.at.lacus@mollis.org	+Perry Wilkins
Burgess, Quamar	07/06/1986	ridiculus.mus@estmollisnon.edu	+Quamar Burgess
Rojas, Quamar	09/24/1985	ornare.tortor@ullamcorper.org	+Quamar Rojas
Hancock, Rafael	05/27/1986	posuere@sitamet.edu	+Rafael Hancock
Barron, Raja	09/16/1986	lacus@egestasurna.org	+Raja Barron
Hunt, Raja	04/12/1987	egestas.Fusce.aliquet@luctusfelispurus.org	+Raja Hunt
Marsh, Reece	08/16/1987	vel.venenatis@Vivamussit.org	+Reece Marsh
Stevenson, Reece	08/10/1986	non@arcu.ca	+Reece Stevenson
Jefferson, Reuben	12/30/1985	tincidunt@tristiqueaceleifend.com	+Reuben Jefferson
Blackburn, Robert	03/21/1987	venenatis.vel@quispedePraesent.org	+Robert Blackburn
Good, Robert	05/22/1986	sem.consequat.nec@nonlaciniaat.ca	+Robert Good
Santos, Robert	11/01/1986	ut.dolor.dapibus@lectusante.ca	+Robert Santos
Nicholson, Rogan	08/02/1986	vitae@sodales.ca	+Rogan Nicholson
Estes, Ronan	03/25/1987	aliquet.molestie.tellus@non.edu	+Ronan Estes
Ball, Russell	05/11/1986	Ut@turpisNulla.com	+Russell Ball
Underwood, Ryder	10/09/1986	enim.Suspendisse@magnisdis.org	+Ryder Underwood
Holloway, Shad	06/06/1987	ipsum.nunc@turpisegestas.org	+Shad Holloway
Baird, Slade	03/14/1987	tincidunt@at.org	+Slade Baird
Crawford, Slade	11/19/1985	condimentum.Donec.at@fermentum.com	+Slade Crawford
West, Slade	04/30/1986	mi@laoreetipsumCurabitur.org	+Slade West
Bond, Solomon	11/28/1985	Donec@dui.edu	+Solomon Bond
Leonard, Steel	04/26/1986	fermentum.vel.mauris@egetipsum.org	+Steel Leonard
Dalton, Steven	02/08/1987	Suspendisse.sed@tortorNunccommodo.org	+Steven Dalton
Palmer, Stewart	03/01/1986	magna.Praesent@antedictumcursus.com	+Stewart Palmer
Dean, Stuart	03/15/1987	lorem.sit.amet@liberoProinsed.org	+Stuart Dean
Randolph, Tarik	11/19/1985	sapien.Nunc@erosturpisnon.ca	+Tarik Randolph
Barry, Thaddeus	10/31/1985	laoreet@Curabitursed.ca	+Thaddeus Barry
Kennedy, Thaddeus	09/09/1985	egestas.nunc.sed@magnaDuis.org	+Thaddeus Kennedy
Gordon, Thane	12/16/1986	non.sapien@amalesuadaid.edu	+Thane Gordon
Sykes, Theodore	07/02/1987	purus.Duis@Aliquamvulputate.org	+Theodore Sykes
Mcclain, Thomas	09/07/1986	at@tempusrisus.org	+Thomas Mcclain
Cox, Thor	04/13/1987	bibendum.Donec.felis@eleifendvitae.com	+Thor Cox
Mcleod, Thor	05/07/1986	Suspendisse.non.leo@atiaculis.ca	+Thor Mcleod
Hess, Tiger	05/24/1987	hymenaeos.Mauris@enim.org	+Tiger Hess
Wiley, Todd	04/14/1986	Sed.congue.elit@quamquisdiam.ca	+Todd Wiley
Hewitt, Travis	12/09/1986	tincidunt.adipiscing.Mauris@elitpellentesque.ca	+Travis Hewitt
Holman, Trevor	10/27/1985	non@odiosagittissemper.org	+Trevor Holman
Patel, Trevor	05/05/1987	mollis.nec@Suspendissesed.ca	+Trevor Patel
Garrett, Tucker	01/01/1986	Sed.id.risus@eget.com	+Tucker Garrett
Shaffer, Tucker	05/09/1987	facilisis@sedpede.org	+Tucker Shaffer
Patrick, Upton	07/13/1987	posuere@veliteget.com	+Upton Patrick
Marsh, Uriah	11/22/1986	mi.eleifend.egestas@leoCrasvehicula.edu	+Uriah Marsh
Gilliam, Vernon	07/14/1986	purus.mauris.a@eget.com	+Vernon Gilliam
Sims, Walker	10/14/1986	augue@Pellentesquetincidunt.org	+Walker Sims
Bates, Wallace	07/17/1987	amet.massa.Quisque@consectetueradipiscing.com	+Wallace Bates
Taylor, Wang	10/18/1986	ipsum.ac@disparturientmontes.org	+Wang Taylor
Gay, Xander	06/14/1986	morbi.tristique.senectus@cursusNuncmauris.ca	+Xander Gay
Campbell, Yuli	07/17/1987	ullamcorper@Cras.org	+Yuli Campbell
Nash, Zachary	02/03/1987	vulputate.risus.a@sodalespurus.com	+Zachary Nash
