full name	email address	dob	facebook
Alec Fleming	natoque.penatibus@ligulaNullamenim.ca	08/27/1985	alec_fleming
Alfonso Hardin	posuere.cubilia.Curae;@porttitor.org	01/13/1986	alfonso_hardin
Ali Strong	vitae.nibh@urna.ca	01/05/1986	ali_strong
Amal Sherman	vel.convallis.in@lacinia.edu	01/22/1986	amal_sherman
Amir Spears	Quisque.ornare.tortor@hendreritDonec.ca	11/07/1985	amir_spears
Amos Vaughan	neque.venenatis@et.edu	03/29/1987	amos_vaughan
Anthony Mccarty	elit.pede.malesuada@cursusdiam.org	07/27/1987	anthony_mccarty
Arsenio Preston	natoque.penatibus.et@diamProindolor.edu	09/20/1986	arsenio_preston
Arsenio Rogers	vel.arcu.eu@maurisid.ca	06/23/1987	arsenio_rogers
Arthur Buchanan	ornare@Maurismagna.ca	04/22/1987	arthur_buchanan
Basil Fields	Aliquam.nisl@loremeu.com	03/15/1986	basil_fields
Baxter Wiley	arcu.ac@Vivamus.ca	06/10/1986	baxter_wiley
Benedict Meadows	dolor.sit@tellus.com	12/09/1986	benedict_meadows
Benjamin Jacobs	id.enim.Curabitur@Nulla.org	02/21/1986	benjamin_jacobs
Benjamin Lang	sit@consectetuercursuset.com	12/25/1986	benjamin_lang
Benjamin Pittman	ipsum.leo@nisiAenean.edu	08/29/1985	benjamin_pittman
Berk Gallagher	at.iaculis.quis@diamatpretium.com	10/22/1985	berk_gallagher
Berk Richards	at.pretium.aliquet@nonenimcommodo.ca	05/27/1986	berk_richards
Bert Giles	ornare.placerat.orci@Namconsequat.com	12/21/1985	bert_giles
Boris Mcdonald	Mauris@amalesuadaid.com	04/28/1986	boris_mcdonald
Bradley Wright	Donec@metus.com	05/23/1987	bradley_wright
Brady Middleton	facilisis@sodales.edu	03/14/1986	brady_middleton
Branden Key	aliquam@Pellentesquetincidunt.com	04/05/1986	branden_key
Brandon Bruce	porta.elit.a@enimcommodohendrerit.ca	08/18/1987	brandon_bruce
Brandon Hubbard	nunc@CraspellentesqueSed.com	05/15/1986	brandon_hubbard
Brandon Marks	ante.Nunc.mauris@Donecnibh.org	09/28/1986	brandon_marks
Brendan Sanford	gravida.Praesent.eu@intempuseu.com	08/21/1986	brendan_sanford
Brennan Gross	eget.nisi.dictum@faucibusid.ca	11/25/1986	brennan_gross
Brock Kelley	justo.sit.amet@aliquam.org	11/05/1986	brock_kelley
Brody Nguyen	in@elitpretium.ca	04/07/1987	brody_nguyen
Bruce Dawson	arcu@elitelit.com	04/09/1987	bruce_dawson
Bruce Mcclain	tristique.neque@dictumPhasellus.org	08/24/1985	bruce_mcclain
Bruno Gilliam	risus@velturpis.edu	07/22/1987	bruno_gilliam
Cadman Hartman	Aliquam.ultrices.iaculis@torquent.edu	05/07/1987	cadman_hartman
Caesar Conley	Nunc.quis.arcu@ipsumnunc.edu	12/09/1985	caesar_conley
Caleb Stevenson	Aliquam@feugiat.com	02/19/1986	caleb_stevenson
Calvin Mercer	cubilia@mollis.edu	04/26/1987	calvin_mercer
Camden Frazier	nibh.Aliquam.ornare@etnetuset.ca	02/16/1987	camden_frazier
Charles Doyle	Etiam@tellus.org	02/25/1986	charles_doyle
Christopher Drake	erat.Sed.nunc@temporloremeget.edu	02/23/1987	christopher_drake
Colby Pace	sodales.at@sedsapien.org	06/07/1987	colby_pace
Colorado Ayala	montes@arcu.org	07/05/1986	colorado_ayala
Colt Soto	velit@tellus.org	07/18/1987	colt_soto
Cruz Mccarthy	lectus.convallis.est@Quisque.ca	07/22/1986	cruz_mccarthy
Cullen Barlow	lorem.auctor.quis@egestasa.edu	07/07/1987	cullen_barlow
Dalton Fletcher	imperdiet.erat.nonummy@in.com	06/08/1987	dalton_fletcher
Damian Donovan	euismod@dictummiac.ca	05/23/1986	damian_donovan
Dante Cole	ipsum.nunc@eratvolutpat.edu	12/31/1985	dante_cole
Darius Bond	adipiscing.elit@erat.edu	09/10/1986	darius_bond
David Gill	sit.amet@dictumplacerataugue.edu	09/20/1985	david_gill
David Sharp	rutrum.urna.nec@maurisIntegersem.edu	04/18/1987	david_sharp
Davis Lamb	pede@ipsum.ca	03/04/1987	davis_lamb
Deacon Pate	dapibus@nisl.ca	12/07/1986	deacon_pate
Demetrius Fowler	luctus.sit.amet@Proindolor.org	01/22/1986	demetrius_fowler
Denton Case	vitae.diam@ligula.ca	03/06/1986	denton_case
Dexter Contreras	facilisis.Suspendisse@Praesentinterdum.org	10/02/1986	dexter_contreras
Dolan Mcbride	facilisis.non@ligulaAeneangravida.ca	05/02/1986	dolan_mcbride
Dolan Park	Cras@Donecfeugiatmetus.org	12/12/1985	dolan_park
Duncan Hicks	egestas.a.scelerisque@quamafelis.org	06/12/1987	duncan_hicks
Duncan Norman	vestibulum.neque.sed@pedesagittisaugue.com	12/08/1986	duncan_norman
Elton Ramirez	nec@a.edu	11/06/1986	elton_ramirez
Eric Shannon	vitae.purus@mollisduiin.ca	09/02/1986	eric_shannon
Ezra Shaw	ut@loremtristique.ca	05/24/1986	ezra_shaw
Ferdinand Greer	non@molestie.org	10/30/1986	ferdinand_greer
Ferdinand Kirby	scelerisque.neque@lobortisClassaptent.edu	07/07/1986	ferdinand_kirby
Fitzgerald Carroll	scelerisque.lorem.ipsum@auctorvitaealiquet.org	05/30/1987	fitzgerald_carroll
Forrest Horn	risus.varius.orci@nuncullamcorper.com	09/12/1985	forrest_horn
Francis Parker	Sed.molestie@felisadipiscing.com	09/22/1986	francis_parker
Fuller Chen	tincidunt.nibh.Phasellus@ornarelectus.com	08/19/1987	fuller_chen
Gabriel Cohen	Cum.sociis@nonummyac.ca	02/25/1986	gabriel_cohen
Gabriel Vaughn	nascetur@placerategetvenenatis.edu	10/19/1985	gabriel_vaughn
Galvin Dunlap	mi@nunc.com	08/03/1986	galvin_dunlap
Gannon Rosario	fermentum@Integer.com	11/16/1985	gannon_rosario
Gareth Sawyer	consequat@vulputate.ca	05/27/1986	gareth_sawyer
Gary Edwards	quis.pede.Praesent@ullamcorpereu.com	06/15/1986	gary_edwards
Gary Morales	elit.a@eget.ca	12/20/1986	gary_morales
Giacomo Bowers	Vestibulum@elementum.com	09/09/1985	giacomo_bowers
Grant Chandler	turpis.Aliquam.adipiscing@ultricies.edu	06/07/1987	grant_chandler
Gregory Frederick	ante@egetnisi.edu	06/16/1986	gregory_frederick
Hall Schultz	vestibulum.Mauris@eleifend.org	11/24/1986	hall_schultz
Hamilton Espinoza	odio@turpisvitaepurus.org	08/29/1986	hamilton_espinoza
Hamilton Hartman	ridiculus.mus.Proin@quis.org	04/11/1987	hamilton_hartman
Hammett Cooley	lorem.luctus.ut@feugiatLoremipsum.ca	03/22/1987	hammett_cooley
Harrison Melton	justo.faucibus.lectus@arcuSedeu.com	03/12/1987	harrison_melton
Hashim Jefferson	Proin.mi.Aliquam@necmetus.com	01/04/1986	hashim_jefferson
Henry Myers	torquent.per.conubia@diam.org	10/11/1986	henry_myers
Herman Bates	tellus@dapibus.org	10/14/1986	herman_bates
Hoyt Alston	tincidunt@at.edu	08/01/1987	hoyt_alston
Hu Harper	augue.eu@sitamet.org	04/24/1987	hu_harper
Hu Petersen	Nunc.pulvinar@velitin.ca	05/27/1986	hu_petersen
Hu Rodriquez	ut@risusQuisque.edu	01/02/1987	hu_rodriquez
Hunter Key	purus@Vestibulumante.com	06/08/1987	hunter_key
Ian Torres	Aliquam.adipiscing.lobortis@gravida.ca	02/24/1986	ian_torres
Ira Mcdowell	in@DonecestNunc.org	07/18/1986	ira_mcdowell
Ivan Simon	eu.eleifend@vestibulum.edu	01/10/1986	ivan_simon
Jared Henson	est@at.com	03/31/1987	jared_henson
Jasper Bennett	laoreet.lectus.quis@musProinvel.org	07/09/1987	jasper_bennett
Jasper Weaver	non.lobortis.quis@elitpretium.com	03/30/1986	jasper_weaver
Jelani Bruce	faucibus.Morbi@elitEtiamlaoreet.org	01/07/1987	jelani_bruce
Jerry Kerr	velit.Aliquam@Vivamusrhoncus.ca	07/19/1986	jerry_kerr
Joel Williamson	tempor.bibendum.Donec@enimcondimentumeget.edu	02/07/1987	joel_williamson
Joseph Roth	ipsum.Donec.sollicitudin@necdiamDuis.org	09/10/1985	joseph_roth
Josiah Dalton	euismod.ac@nislQuisque.edu	05/20/1987	josiah_dalton
Judah Dawson	ornare.placerat@nequenonquam.edu	06/24/1987	judah_dawson
Kadeem Stokes	erat.in@mollisInteger.com	05/05/1986	kadeem_stokes
Kamal Puckett	eu.augue@necmaurisblandit.ca	09/23/1985	kamal_puckett
Kareem Hahn	magna@milacinia.edu	03/27/1987	kareem_hahn
Kaseem Boone	varius@magnis.ca	08/06/1987	kaseem_boone
Kasper Mitchell	Aliquam.rutrum.lorem@mollis.com	09/08/1985	kasper_mitchell
Kasper Nolan	molestie.Sed@Duisac.com	09/09/1986	kasper_nolan
Keefe Villarreal	gravida.mauris.ut@vulputate.ca	02/05/1986	keefe_villarreal
Keith Sawyer	commodo@vel.com	01/03/1986	keith_sawyer
Kermit Gillespie	semper@adipiscingenimmi.com	10/06/1986	kermit_gillespie
Kevin Rowland	ultricies@Aliquamerat.ca	02/23/1986	kevin_rowland
Kieran Livingston	et.rutrum.non@nequesedsem.ca	05/07/1987	kieran_livingston
Kuame Duncan	Nam.ac@ipsumcursusvestibulum.com	01/14/1987	kuame_duncan
Laith Bowman	ligula.Nullam@lectussitamet.com	02/12/1987	laith_bowman
Laith Mckinney	Vivamus.non@Cras.ca	11/15/1986	laith_mckinney
Lars Alston	et.ipsum.cursus@Nunc.ca	06/26/1987	lars_alston
Lee Boyle	molestie.in.tempus@magnaet.ca	09/01/1986	lee_boyle
Lewis Moses	Phasellus@fringilla.com	08/03/1987	lewis_moses
Lucas Gilmore	hendrerit.id.ante@tellussemmollis.com	11/10/1986	lucas_gilmore
Lucius Delaney	Proin.eget@blandit.ca	05/27/1987	lucius_delaney
Malcolm Aguirre	Donec@nibhenimgravida.org	09/21/1986	malcolm_aguirre
Malcolm Small	Quisque.purus.sapien@Duis.com	07/05/1987	malcolm_small
Mark Lindsay	interdum@tincidunt.ca	06/16/1987	mark_lindsay
Merritt Mcgee	luctus@velitPellentesque.com	08/13/1986	merritt_mcgee
Moses Grant	id.erat@eget.ca	09/25/1986	moses_grant
Moses Valenzuela	interdum.libero.dui@massaMauris.edu	07/13/1987	moses_valenzuela
Murphy Munoz	Fusce.feugiat@lobortisauguescelerisque.ca	12/16/1986	murphy_munoz
Nehru Melton	dolor.sit.amet@aptent.com	10/20/1986	nehru_melton
Neil Fuller	dolor.egestas.rhoncus@feugiatnon.edu	10/07/1986	neil_fuller
Nicholas Austin	Lorem.ipsum@viverraDonec.com	11/09/1986	nicholas_austin
Nicholas Carroll	nisi.nibh.lacinia@vellectusCum.org	07/09/1987	nicholas_carroll
Noble Browning	Duis.cursus.diam@molestietellus.edu	02/03/1986	noble_browning
Noble Yang	Cras@magnis.org	07/18/1986	noble_yang
Oleg Carson	ut@aptent.edu	11/25/1986	oleg_carson
Oliver Franks	massa.non@inmolestie.com	01/13/1986	oliver_franks
Omar Bartlett	suscipit.nonummy@Vivamusnon.ca	10/01/1985	omar_bartlett
Orlando Riley	aliquam@ligulaAeneangravida.com	09/08/1986	orlando_riley
Paul Patton	ornare@Integersem.org	07/22/1986	paul_patton
Perry Wilkins	Duis.at.lacus@mollis.org	07/02/1987	perry_wilkins
Quamar Burgess	ridiculus.mus@estmollisnon.edu	07/06/1986	quamar_burgess
Quamar Rojas	ornare.tortor@ullamcorper.org	09/24/1985	quamar_rojas
Rafael Hancock	posuere@sitamet.edu	05/27/1986	rafael_hancock
Raja Barron	lacus@egestasurna.org	09/16/1986	raja_barron
Raja Hunt	egestas.Fusce.aliquet@luctusfelispurus.org	04/12/1987	raja_hunt
Reece Marsh	vel.venenatis@Vivamussit.org	08/16/1987	reece_marsh
Reece Stevenson	non@arcu.ca	08/10/1986	reece_stevenson
Reuben Jefferson	tincidunt@tristiqueaceleifend.com	12/30/1985	reuben_jefferson
Robert Blackburn	venenatis.vel@quispedePraesent.org	03/21/1987	robert_blackburn
Robert Good	sem.consequat.nec@nonlaciniaat.ca	05/22/1986	robert_good
Robert Santos	ut.dolor.dapibus@lectusante.ca	11/01/1986	robert_santos
Rogan Nicholson	vitae@sodales.ca	08/02/1986	rogan_nicholson
Ronan Estes	aliquet.molestie.tellus@non.edu	03/25/1987	ronan_estes
Russell Ball	Ut@turpisNulla.com	05/11/1986	russell_ball
Ryder Underwood	enim.Suspendisse@magnisdis.org	10/09/1986	ryder_underwood
Shad Holloway	ipsum.nunc@turpisegestas.org	06/06/1987	shad_holloway
Slade Baird	tincidunt@at.org	03/14/1987	slade_baird
Slade Crawford	condimentum.Donec.at@fermentum.com	11/19/1985	slade_crawford
Solomon Bond	Donec@dui.edu	11/28/1985	solomon_bond
Steel Leonard	fermentum.vel.mauris@egetipsum.org	04/26/1986	steel_leonard
Steven Dalton	Suspendisse.sed@tortorNunccommodo.org	02/08/1987	steven_dalton
Stewart Palmer	magna.Praesent@antedictumcursus.com	03/01/1986	stewart_palmer
Stuart Dean	lorem.sit.amet@liberoProinsed.org	03/15/1987	stuart_dean
Sylvester Johns	Nullam.ut@pretiumaliquetmetus.ca	12/01/1985	sylvester_johns
Tarik Randolph	sapien.Nunc@erosturpisnon.ca	11/19/1985	tarik_randolph
Thaddeus Barry	laoreet@Curabitursed.ca	10/31/1985	thaddeus_barry
Thaddeus Kennedy	egestas.nunc.sed@magnaDuis.org	09/09/1985	thaddeus_kennedy
Thane Gordon	non.sapien@amalesuadaid.edu	12/16/1986	thane_gordon
Theodore Sykes	purus.Duis@Aliquamvulputate.org	07/02/1987	theodore_sykes
Thomas Mcclain	at@tempusrisus.org	09/07/1986	thomas_mcclain
Thor Cox	bibendum.Donec.felis@eleifendvitae.com	04/13/1987	thor_cox
Thor Mcleod	Suspendisse.non.leo@atiaculis.ca	05/07/1986	thor_mcleod
Tiger Hess	hymenaeos.Mauris@enim.org	05/24/1987	tiger_hess
Todd Wiley	Sed.congue.elit@quamquisdiam.ca	04/14/1986	todd_wiley
Travis Hewitt	tincidunt.adipiscing.Mauris@elitpellentesque.ca	12/09/1986	travis_hewitt
Trevor Holman	non@odiosagittissemper.org	10/27/1985	trevor_holman
Trevor Patel	mollis.nec@Suspendissesed.ca	05/05/1987	trevor_patel
Tucker Garrett	Sed.id.risus@eget.com	01/01/1986	tucker_garrett
Tucker Shaffer	facilisis@sedpede.org	05/09/1987	tucker_shaffer
Upton Patrick	posuere@veliteget.com	07/13/1987	upton_patrick
Uriah Marsh	mi.eleifend.egestas@leoCrasvehicula.edu	11/22/1986	uriah_marsh
Vance Dickson	eget.volutpat.ornare@metus.edu	05/04/1986	vance_dickson
Vernon Gilliam	purus.mauris.a@eget.com	07/14/1986	vernon_gilliam
Walker Sims	augue@Pellentesquetincidunt.org	10/14/1986	walker_sims
Wallace Bates	amet.massa.Quisque@consectetueradipiscing.com	07/17/1987	wallace_bates
Wang Taylor	ipsum.ac@disparturientmontes.org	10/18/1986	wang_taylor
Xander Gay	morbi.tristique.senectus@cursusNuncmauris.ca	06/14/1986	xander_gay
Yuli Campbell	ullamcorper@Cras.org	07/17/1987	yuli_campbell
Zachary Nash	vulputate.risus.a@sodalespurus.com	02/03/1987	zachary_nash
